City_ID,City,Lat,Lng,Max Temp,Humidity,Cloudiness,Wind Speed,Country,Date
0,hilo,19.7297,-155.09,23.49,99,100,2.24,US,1676646949
1,atuona,-9.8,-139.0333,26.23,78,69,10.14,PF,1676646949
2,coahuayana,18.7333,-103.6833,24.45,37,27,0.76,MX,1676646950
3,khatanga,71.9667,102.5,-33.22,100,91,0.86,RU,1676646950
4,mahebourg,-20.4081,57.7,26.25,76,83,4.38,MU,1676646951
5,hithadhoo,-0.6,73.0833,27.55,75,91,4.13,MV,1676646951
6,mataura,-46.1927,168.8643,9.96,99,94,0.99,NZ,1676646951
7,mersing,2.4312,103.8405,24.62,90,91,3.58,MY,1676646952
8,berlevag,70.8578,29.0864,-0.03,80,75,2.57,NO,1676646952
9,mahon,39.8885,4.2658,14.31,72,40,3.09,ES,1676646714
10,san vicente pacaya,14.4161,-90.6392,18.63,81,3,0.45,GT,1676646953
11,kapaa,22.0752,-159.319,22.99,90,75,4.63,US,1676646953
12,tieling,42.2931,123.8414,-0.63,75,83,1.43,CN,1676646954
13,cockburn town,21.4612,-71.1419,24.83,68,12,9.83,TC,1676646954
14,torbay,47.6666,-52.7314,3.49,68,59,1.79,CA,1676646954
15,redlands,34.0556,-117.1825,9.3,30,100,1.56,US,1676646955
16,baghdad,33.3406,44.4009,11.95,26,0,4.63,IQ,1676646724
17,vanimo,-2.6741,141.3028,25.01,90,100,2.29,PG,1676646957
18,tuatapere,-46.1333,167.6833,11.38,95,86,1.61,NZ,1676646957
19,chokurdakh,70.6333,147.9167,-43.64,100,67,1.34,RU,1676646957
20,nikolskoye,59.7035,30.7861,-3.06,91,100,4.99,RU,1676646957
21,zhuhai,22.2769,113.5678,20.48,82,0,0.51,CN,1676646957
22,yambio,4.5721,28.3955,34.72,14,63,3.1,SS,1676646958
23,punta arenas,-53.15,-70.9167,11.06,71,75,7.2,CL,1676646680
24,plettenberg bay,-34.0527,23.3716,18.95,91,100,3.93,ZA,1676646958
25,luderitz,-26.6481,15.1594,21.8,65,0,7.98,NA,1676646958
26,sanda,34.8833,135.2333,5.31,79,27,0.47,JP,1676646958
27,sangar,63.9242,127.4739,-26.99,96,100,4.84,RU,1676646959
28,sakakah,29.9697,40.2064,12.09,33,2,4.29,SA,1676646955
29,east london,-33.0153,27.9116,22.26,87,100,6.15,ZA,1676646960
30,mildura,-34.2,142.15,22.82,53,0,6.55,AU,1676646960
31,espoo,60.25,24.6667,2.35,91,100,4.63,FI,1676646818
32,korla,41.7597,86.1469,2.14,49,66,2.51,CN,1676646961
33,busselton,-33.65,115.3333,16.07,84,0,5.11,AU,1676646961
34,saint george,37.1041,-113.5841,-2.67,63,0,2.06,US,1676646961
35,thompson,55.7435,-97.8558,-15.66,96,100,2.87,CA,1676646962
36,hasaki,35.7333,140.8333,2.9,54,2,0.51,JP,1676646962
37,tyukalinsk,55.8732,72.1967,-17.21,95,68,3.26,RU,1676646962
38,esperance,-33.8667,121.9,18.33,87,0,3.13,AU,1676646962
39,cotonou,6.3654,2.4183,30.25,41,8,5.9,BJ,1676646963
40,da lat,11.9465,108.4419,13.9,97,99,1.58,VN,1676646963
41,baker city,44.7749,-117.8344,-4.12,68,0,0.0,US,1676646964
42,butaritari,3.0707,172.7902,26.58,80,94,3.13,KI,1676646965
43,lorengau,-2.0226,147.2712,26.84,80,100,2.61,PG,1676646966
44,vaini,-21.2,-175.2,25.09,94,75,2.57,TO,1676646967
45,yellowknife,62.456,-114.3525,-35.25,66,22,1.79,CA,1676646740
46,longyearbyen,78.2186,15.6401,-5.09,68,40,14.4,SJ,1676646940
47,carlagan,14.975,122.0456,24.51,78,98,7.96,PH,1676646968
48,singaraja,-8.112,115.0882,26.08,83,97,2.4,ID,1676646968
49,oriximina,-1.7656,-55.8661,23.74,96,100,0.43,BR,1676646969
50,rudbar,30.15,62.6,21.39,30,74,4.38,AF,1676646969
51,ajdabiya,30.7554,20.2263,16.27,39,2,3.25,LY,1676646969
52,hermanus,-34.4187,19.2345,20.45,79,99,6.62,ZA,1676646727
53,grindavik,63.8424,-22.4338,-0.03,93,75,6.17,IS,1676646969
54,victor harbor,-35.5667,138.6167,14.82,78,0,2.59,AU,1676646970
55,belgrade,44.804,20.4651,15.79,47,0,4.12,RS,1676646532
56,rikitea,-23.1203,-134.9692,26.42,75,14,6.54,PF,1676646970
57,marawi,7.9986,124.2928,20.25,99,100,1.42,PH,1676646970
58,promyshlennaya,54.9159,85.6385,-10.47,100,68,1.39,RU,1676646971
59,eufaula,31.8913,-85.1455,12.02,94,100,2.57,US,1676646971
60,waingapu,-9.6567,120.2641,25.93,83,44,3.1,ID,1676646971
61,ushuaia,-54.8,-68.3,9.79,71,40,2.57,AR,1676646903
62,jamestown,42.097,-79.2353,-1.66,97,100,4.12,US,1676646972
63,lasa,46.6166,10.7002,9.65,84,81,2.29,IT,1676646972
64,victoria,22.2855,114.1577,19.97,75,31,4.47,HK,1676646953
65,airai,-8.9266,125.4092,16.35,93,100,0.58,TL,1676646972
66,dikson,73.5069,80.5464,-13.97,94,100,11.84,RU,1676646973
67,maragogi,-9.0122,-35.2225,29.49,62,44,4.92,BR,1676646973
68,hobart,-42.8794,147.3294,16.7,85,98,4.12,AU,1676646950
69,saint-philippe,-21.3585,55.7679,26.77,85,60,4.41,RE,1676646975
70,tamandare,-8.7597,-35.1047,29.4,64,24,4.69,BR,1676646975
71,meulaboh,4.1363,96.1285,25.54,83,82,1.28,ID,1676646975
72,ponta do sol,32.6667,-17.1,18.35,73,66,3.26,PT,1676646975
73,mount gambier,-37.8333,140.7667,12.32,94,0,1.6,AU,1676646906
74,lagoa,39.05,-27.9833,14.43,68,100,6.74,PT,1676646976
75,port alfred,-33.5906,26.891,23.17,82,97,8.07,ZA,1676646860
76,siilinjarvi,63.0833,27.6667,-0.99,93,100,6.17,FI,1676646976
77,iralaya,15.0,-83.2333,26.9,66,2,6.02,HN,1676646977
78,qaanaaq,77.484,-69.3632,-22.9,75,100,0.48,GL,1676646977
79,bluff,-46.6,168.3333,13.44,88,46,2.84,NZ,1676646978
80,rocha,-34.4833,-54.3333,17.66,34,5,11.21,UY,1676646978
81,olinda,-8.0089,-34.8553,28.85,65,75,4.63,BR,1676646781
82,port-gentil,-0.7193,8.7815,30.98,70,40,4.12,GA,1676646980
83,port blair,11.6667,92.75,25.96,78,6,2.89,IN,1676646981
84,nayoro,44.3506,142.4578,-8.87,97,87,0.77,JP,1676646981
85,albany,42.6001,-73.9662,13.36,89,100,3.84,US,1676646651
86,upernavik,72.7868,-56.1549,-26.23,92,98,0.9,GL,1676646982
87,puerto ayora,-0.7393,-90.3518,29.98,91,19,1.79,EC,1676646982
88,laguna,38.421,-121.4238,6.27,82,0,2.57,US,1676646983
89,luwuk,-0.9516,122.7875,26.0,88,96,1.85,ID,1676646983
90,marzuq,14.4,46.4667,23.2,23,0,3.6,YE,1676646985
91,high level,58.5169,-117.136,-23.94,77,20,4.63,CA,1676646985
92,mutsu,41.2894,141.2169,3.27,70,73,7.06,JP,1676646985
93,jacareacanga,-6.2222,-57.7528,25.49,89,100,2.04,BR,1676646986
94,cape town,-33.9258,18.4232,25.75,54,40,6.71,ZA,1676646343
95,daliao,5.8611,124.9533,26.78,73,100,1.75,PH,1676646986
96,papara,-3.9839,-38.7273,30.22,52,99,3.48,BR,1676646986
97,fort smith,35.3859,-94.3986,2.02,66,0,2.68,US,1676646986
98,pisco,-13.7,-76.2167,26.12,78,0,2.57,PE,1676646987
99,kashi,39.4547,75.9797,3.84,48,99,2.33,CN,1676646987
100,eureka,40.8021,-124.1637,3.65,95,60,2.52,US,1676646988
101,nuuk,64.1835,-51.7216,-6.66,68,75,8.23,GL,1676646989
102,tasiilaq,65.6145,-37.6368,-10.91,68,85,2.91,GL,1676646989
103,igrim,63.1906,64.4162,-15.38,99,47,1.81,RU,1676646989
104,pevek,69.7008,170.3133,-42.38,99,81,2.19,RU,1676646990
105,saint anthony,45.0205,-93.218,-10.07,74,0,4.12,US,1676646990
106,ales,44.1333,4.0833,16.6,43,18,1.19,FR,1676646990
107,waling,27.9833,83.7667,15.62,61,1,1.83,NP,1676646991
108,cefalu,38.0386,14.0229,14.77,75,43,2.24,IT,1676646991
109,ichinohe,40.2069,141.3017,0.76,86,84,3.06,JP,1676646991
110,barrow,71.2906,-156.7887,-26.99,83,100,3.09,US,1676646991
111,porvoo,60.3923,25.6651,2.35,97,100,4.38,FI,1676646991
112,lebu,-37.6167,-73.65,18.2,37,6,7.15,CL,1676646992
113,vostok,46.4856,135.8833,-8.61,97,100,1.71,RU,1676646992
114,harboore,56.6175,8.1807,7.3,84,100,24.35,DK,1676646992
115,ippy,6.2679,21.2247,36.39,11,12,3.19,CF,1676646993
116,caravelas,-17.7125,-39.2481,31.09,55,98,4.98,BR,1676646993
117,half moon bay,37.4636,-122.4286,8.51,75,20,2.57,US,1676646994
118,mayo,38.8876,-76.5119,17.28,93,100,7.72,US,1676646995
119,palmer,42.1584,-72.3287,14.23,84,100,2.68,US,1676646995
120,nancha,47.1333,129.2667,-15.68,97,22,1.36,CN,1676646995
121,college,64.8569,-147.8028,-19.68,79,40,2.06,US,1676646995
122,lavrentiya,65.5833,-171.0,-28.28,92,100,6.31,RU,1676646996
123,sitka,57.0531,-135.33,2.94,75,100,5.14,US,1676646996
124,goure,13.9835,10.2704,27.25,10,2,7.82,NE,1676646696
125,yumen,40.2833,97.2,-3.84,60,99,1.42,CN,1676646996
126,riyadh,24.6877,46.7219,14.08,32,0,6.05,SA,1676646663
127,mehamn,71.0357,27.8492,-0.05,86,100,2.57,NO,1676646997
128,verin,41.9415,-7.4381,18.65,37,3,2.79,ES,1676646997
129,arraial do cabo,-22.9661,-42.0278,32.92,58,0,4.63,BR,1676646997
130,rancho palos verdes,33.7445,-118.387,11.67,32,100,1.34,US,1676646998
131,lata,40.1629,-8.3327,20.83,31,0,3.97,PT,1676646999
132,new norfolk,-42.7826,147.0587,15.95,63,87,1.72,AU,1676647000
133,bredasdorp,-34.5322,20.0403,19.82,74,100,5.54,ZA,1676647000
134,morondava,-20.2833,44.2833,27.43,76,91,3.79,MG,1676647000
135,cabo san lucas,22.8909,-109.9124,16.4,85,40,3.6,MX,1676647000
136,nata,8.3333,-80.5167,30.62,53,84,6.6,PA,1676647001
137,magan,39.9683,-3.931,16.83,35,0,6.77,ES,1676647001
138,strezhevoy,60.7333,77.5889,-12.86,95,67,3.91,RU,1676647001
139,geraldton,-28.7667,114.6,22.23,78,0,8.23,AU,1676647002
140,awbari,26.5921,12.7805,16.95,30,100,5.4,LY,1676647002
141,khash,28.2211,61.2158,17.9,19,14,3.33,IR,1676647003
142,hobyo,5.3505,48.5268,25.5,73,8,9.2,SO,1676647003
143,severo-kurilsk,50.6789,156.125,-4.09,66,100,11.2,RU,1676647003
144,hirara,24.8,125.2833,21.63,63,14,9.65,JP,1676647003
145,bethel,41.3712,-73.414,15.05,86,100,4.63,US,1676647004
146,tuktoyaktuk,69.4541,-133.0374,-38.0,67,0,2.06,CA,1676647004
147,katherine,-14.4667,132.2667,28.18,74,100,2.57,AU,1676647004
148,mount isa,-20.7333,139.5,20.87,100,100,3.6,AU,1676647004
149,jumla,29.2747,82.1838,8.75,64,0,1.43,NP,1676647004
150,vicuna,-30.0319,-70.7081,28.21,50,5,3.43,CL,1676647005
151,kodiak,57.79,-152.4072,2.73,70,0,12.35,US,1676647005
152,shache,38.4167,77.2406,4.64,40,49,3.41,CN,1676647006
153,amga,60.8953,131.9608,-24.51,100,98,1.0,RU,1676647006
154,jiuquan,39.7432,98.5174,-5.46,89,100,1.0,CN,1676647007
155,alofi,-19.0595,-169.9187,22.94,94,20,0.51,NU,1676647008
156,norrtalje,59.758,18.705,3.02,96,100,6.74,SE,1676646431
157,norman wells,65.282,-126.8329,-39.98,67,40,1.03,CA,1676647009
158,bugene,-1.5911,31.1403,24.92,41,31,3.77,TZ,1676647010
159,pafos,34.7667,32.4167,14.88,51,20,6.69,CY,1676646902
160,sur,22.5667,59.5289,23.45,61,0,1.69,OM,1676647012
161,moundou,8.5667,16.0833,35.29,10,46,3.55,TD,1676647012
162,tiksi,71.6872,128.8694,-24.22,100,100,1.33,RU,1676647012
163,buala,-8.145,159.5921,26.49,86,100,2.45,SB,1676647013
164,wewak,-3.5534,143.6268,25.79,85,100,1.06,PG,1676647013
165,saskylakh,71.9167,114.0833,-28.85,100,99,1.57,RU,1676647013
166,carnarvon,-24.8667,113.6333,24.45,74,0,11.11,AU,1676647014
167,narsaq,60.9167,-46.05,1.12,90,100,7.06,GL,1676647015
168,flinders,-34.5833,150.8552,22.99,81,23,1.79,AU,1676647015
169,hambantota,6.1241,81.1185,25.6,78,29,6.61,LK,1676647015
170,tura,25.5198,90.2201,17.74,42,8,1.34,IN,1676647016
171,benguela,-12.5763,13.4055,28.09,64,28,5.25,AO,1676647016
172,souillac,-20.5167,57.5167,26.21,83,75,1.54,MU,1676647016
173,ulaangom,49.9811,92.0667,-26.87,92,81,1.16,MN,1676647017
174,avarua,-21.2078,-159.775,24.03,94,40,1.03,CK,1676647017
175,freeport,40.6576,-73.5832,15.57,91,100,5.66,US,1676647018
176,san vicente,-26.6167,-54.1333,16.49,97,100,2.56,AR,1676647018
177,kjollefjord,70.9457,27.3465,0.03,86,100,2.57,NO,1676647019
178,ko samui,9.5357,99.9357,26.95,83,40,1.03,TH,1676647019
179,ilulissat,69.2167,-51.1,-15.99,55,40,4.12,GL,1676647019
180,faanui,-16.4833,-151.75,26.86,76,100,3.17,PF,1676647019
181,qasigiannguit,68.8193,-51.1922,-15.86,87,85,1.65,GL,1676647019
182,emerald,-23.5333,148.1667,23.52,69,100,3.76,AU,1676647020
183,makakilo city,21.3469,-158.0858,20.18,89,75,4.12,US,1676647020
184,nelson bay,-32.7167,152.15,22.27,87,0,3.13,AU,1676647020
185,igarka,67.4667,86.5833,-22.71,99,100,1.9,RU,1676647020
186,leningradskiy,69.3833,178.4167,-38.43,99,92,1.88,RU,1676647021
187,genhe,50.7833,121.5167,-19.52,100,100,1.41,CN,1676647021
188,bogandinskiy,56.8937,65.8938,-11.85,93,100,3.61,RU,1676647021
189,saint-augustin,51.226,-58.6502,-13.03,71,100,6.26,CA,1676647022
190,beloha,-25.1667,45.05,25.9,69,99,3.46,MG,1676647022
191,general roca,-39.0333,-67.5833,14.29,20,4,5.76,AR,1676646890
192,caranavi,-15.8167,-67.55,20.22,98,98,0.7,BO,1676647023
193,mecca,21.4267,39.8261,25.88,44,75,6.76,SA,1676646621
194,baiao,-2.7906,-49.6717,29.65,61,89,1.37,BR,1676647023
195,husavik,66.0449,-17.3389,-2.82,76,57,3.23,IS,1676647024
196,lora del rio,37.659,-5.5275,19.89,45,88,4.8,ES,1676647024
197,biak,-0.9131,122.8766,25.37,86,94,1.87,ID,1676647024
198,balakovo,52.0278,47.8007,-9.02,97,96,1.69,RU,1676647004
199,vao,-22.6667,167.4833,24.03,62,96,4.41,NC,1676647025
200,kushiro,42.975,144.3747,-6.16,90,83,1.29,JP,1676646873
201,edgemere,39.2421,-76.448,17.29,92,100,1.34,US,1676647026
202,carndonagh,55.25,-7.2667,9.79,72,100,3.82,IE,1676647026
203,luanda,-8.8368,13.2343,28.02,71,89,6.4,AO,1676646878
204,los arabos,22.7281,-80.7214,28.06,50,0,3.28,CU,1676647028
205,den helder,52.9599,4.7593,11.66,84,75,11.18,NL,1676647028
206,belmonte,-15.8631,-38.8828,29.95,60,39,3.98,BR,1676647030
207,bedesa,8.9,40.7833,23.38,29,37,4.22,ET,1676647030
208,boa vista,2.8197,-60.6733,28.99,58,75,6.17,BR,1676646783
209,kadirli,37.3739,36.0961,8.91,43,0,1.55,TR,1676647031
210,port elizabeth,-33.918,25.5701,22.28,83,20,3.09,ZA,1676647031
211,kieta,-6.2167,155.6333,26.16,85,100,1.84,PG,1676647031
212,castro,-24.7911,-50.0119,17.12,97,100,2.49,BR,1676647032
213,aranos,-24.1333,19.1167,33.35,18,0,3.2,NA,1676647032
214,alice springs,-23.7,133.8833,23.75,83,40,4.12,AU,1676647032
215,brunswick,41.2381,-81.8418,-1.88,79,100,8.23,US,1676646914
216,hof,50.3167,11.9167,9.7,93,100,9.77,DE,1676646891
217,saldanha,-33.0117,17.9442,20.02,77,27,8.7,ZA,1676647033
218,beira,-19.8436,34.8389,26.05,83,75,6.04,MZ,1676647033
219,poum,-20.2333,164.0167,25.84,66,59,1.39,NC,1676647033
220,farah,32.5,62.5,15.92,45,89,2.67,AF,1676647034
221,nome,64.5011,-165.4064,-13.96,61,0,11.83,US,1676647034
222,kaeo,-35.1,173.7833,14.07,94,11,2.94,NZ,1676647035
223,milkovo,54.7167,158.6167,-17.34,98,100,0.62,RU,1676647035
224,moose factory,51.2585,-80.6094,-24.0,76,0,2.06,CA,1676647035
225,coquimbo,-29.9533,-71.3436,21.85,68,0,4.63,CL,1676646902
226,kaitangata,-46.2817,169.8464,10.54,94,99,1.63,NZ,1676647036
227,sarakhs,36.5449,61.1577,7.55,64,99,2.61,IR,1676647036
228,cabo rojo,18.0866,-67.1457,29.03,65,0,1.79,PR,1676647036
229,ixtapa,20.7,-105.2,21.24,82,40,2.06,MX,1676647036
230,galich,58.3797,42.3475,-4.94,94,100,1.83,RU,1676647037
231,samana,19.2056,-69.3369,27.12,65,20,2.57,DO,1676647037
232,amboasary,-25.0333,46.3833,27.96,68,36,2.62,MG,1676647038
233,carlos antonio lopez,-26.4,-54.7667,19.34,90,100,3.02,PY,1676647038
234,nadym,65.5333,72.5167,-7.61,87,100,5.22,RU,1676647039
235,desur,12.4333,79.4833,21.19,77,5,3.11,IN,1676647039
236,cidreira,-30.1811,-50.2056,22.09,82,100,6.75,BR,1676647039
237,pangnirtung,66.1451,-65.7125,-28.33,79,92,0.89,CA,1676647039
238,togur,58.3631,82.8265,-10.6,90,45,4.14,RU,1676647040
239,opunake,-39.4556,173.8583,13.4,80,1,4.0,NZ,1676647040
240,kavaratti,10.5669,72.642,26.71,69,32,2.57,IN,1676647040
241,cayenne,4.9333,-52.3333,29.02,70,75,5.14,GF,1676647040
242,pemangkat,1.1667,108.9667,25.57,86,92,3.7,ID,1676647041
243,tougan,13.0667,-3.0667,33.68,7,42,7.13,BF,1676647041
244,miraflores,19.2167,-98.8083,13.9,38,4,0.83,MX,1676647041
245,pokhara,28.2333,83.9833,16.14,52,3,2.46,NP,1676647043
246,santa cecilia,-26.9608,-50.4269,18.76,86,100,1.78,BR,1676647043
247,naze,28.3667,129.4833,15.51,64,37,5.31,JP,1676647043
248,maua,-23.6678,-46.4614,30.04,52,100,7.52,BR,1676647043
249,henties bay,-22.116,14.2845,20.24,74,5,6.07,NA,1676647043
250,severo-yeniseyskiy,60.3725,93.0408,-8.84,92,100,5.17,RU,1676647044
251,tashtagol,52.7657,87.8894,-17.08,100,28,1.17,RU,1676647044
252,namatanai,-3.6667,152.4333,26.47,79,99,1.66,PG,1676647044
253,san patricio,28.017,-97.5169,8.28,39,92,8.48,US,1676647044
254,saint-paul,-21.0096,55.2707,27.06,90,60,1.54,RE,1676647045
255,mar del plata,-38.0023,-57.5575,17.19,51,75,9.26,AR,1676647045
256,olive branch,34.9618,-89.8295,3.18,69,75,6.69,US,1676647045
257,bayan,46.0833,127.4,-17.52,95,67,1.96,CN,1676647045
258,bunbury,-33.3333,115.6333,17.02,74,0,4.9,AU,1676647046
259,nouadhibou,20.931,-17.0347,19.17,55,0,5.29,MR,1676647046
260,te anau,-45.4167,167.7167,11.35,94,97,0.5,NZ,1676647046
261,kutum,14.2,24.6667,21.86,13,0,6.65,SD,1676647047
262,hoquiam,46.9809,-123.8893,6.64,95,100,2.34,US,1676647047
263,massakory,12.996,15.7293,29.74,11,0,6.45,TD,1676647047
264,cedar city,37.6775,-113.0619,-8.67,92,0,1.54,US,1676647047
265,avera,33.194,-82.5271,18.73,92,100,7.68,US,1676647047
266,iquique,-20.2208,-70.1431,26.02,74,6,2.92,CL,1676647048
267,warrington,53.3925,-2.5802,12.4,76,100,6.69,GB,1676647048
268,semey,50.4111,80.2275,-20.66,99,6,3.07,KZ,1676646715
269,komsomolskiy,40.4272,71.7189,5.4,93,100,1.03,UZ,1676647048
270,gamboma,-1.8764,15.8644,33.72,33,92,0.36,CG,1676647048
271,piedras negras,28.7,-100.5167,7.93,45,40,5.17,MX,1676647049
272,kiama,-34.6833,150.8667,23.1,77,26,3.58,AU,1676647049
273,derbent,42.0678,48.2899,1.65,79,98,3.79,RU,1676647049
274,kavieng,-2.5744,150.7967,27.44,78,100,3.49,PG,1676647049
275,mitsamiouli,-11.3847,43.2844,27.99,74,64,2.42,KM,1676647050
276,kiratpur,29.5167,78.2,19.59,42,34,0.2,IN,1676647050
277,guerrero negro,27.9769,-114.0611,12.48,31,100,1.44,MX,1676647050
278,asau,46.4333,26.4,7.51,82,40,2.89,RO,1676647050
279,yilan,24.757,121.753,20.57,99,14,1.37,TW,1676647050
280,abonnema,4.7084,6.7931,37.78,14,60,3.04,NG,1676647051
281,oranjemund,-28.55,16.4333,21.5,76,0,5.62,NA,1676647051
282,kahului,20.8947,-156.47,23.25,89,100,2.57,US,1676647052
283,bud,39.447,-86.1758,-0.45,64,44,6.17,US,1676647052
284,sibolga,1.7427,98.7792,25.25,78,72,1.09,ID,1676647053
285,joao camara,-5.5375,-35.8197,35.28,31,36,5.72,BR,1676647053
286,beidao,34.5686,105.8933,5.09,77,65,0.64,CN,1676647053
287,kondinskoye,59.6481,67.41,-18.81,99,12,2.33,RU,1676647054
288,banda aceh,5.5577,95.3222,26.2,83,98,3.64,ID,1676647054
289,acapulco,16.8634,-99.8901,25.9,78,20,0.0,MX,1676646819
290,ancud,-41.8697,-73.8203,15.61,48,0,2.33,CL,1676647054
291,apiai,-24.5094,-48.8425,19.94,94,100,2.96,BR,1676647055
292,chiungutwa,-10.8833,38.9833,26.35,87,65,0.38,TZ,1676647055
293,olafsvik,64.8945,-23.7142,2.82,67,100,7.34,IS,1676647055
294,aue,50.5833,12.7,11.4,93,100,9.48,DE,1676646970
295,coihaique,-45.5752,-72.0662,14.97,38,0,1.03,CL,1676647056
296,carutapera,-1.195,-46.02,27.02,80,100,2.71,BR,1676647056
297,vila franca do campo,37.7167,-25.4333,17.23,76,88,3.53,PT,1676647057
298,butte,39.6499,-121.5677,5.01,60,0,2.06,US,1676647057
299,auki,-8.7676,160.7034,26.27,88,99,1.98,SB,1676646965
300,southbridge,42.0751,-72.0334,14.06,95,100,4.02,US,1676647058
301,maun,-19.9833,23.4167,25.43,74,78,4.13,BW,1676647058
302,comodoro rivadavia,-45.8667,-67.5,13.92,26,0,1.03,AR,1676646879
303,san quintin,30.4833,-115.95,11.25,45,100,0.26,MX,1676647058
304,port said,31.2565,32.2841,15.07,59,0,6.65,EG,1676647059
305,sambava,-14.2667,50.1667,26.74,80,87,2.54,MG,1676647059
306,adrar,20.5022,-10.0711,33.21,9,15,4.86,MR,1676647059
307,ruwi,23.5996,58.5507,26.83,47,0,1.24,OM,1676647060
308,broome,42.2506,-75.833,6.31,84,100,6.17,US,1676647060
309,la rioja,42.25,-2.5,10.88,42,0,3.33,ES,1676647061
310,san jeronimo,-11.9472,-75.2829,12.53,68,100,0.94,PE,1676647061
311,champerico,14.3,-91.9167,28.3,64,0,3.87,GT,1676647061
312,puerto leguizamo,-0.1934,-74.7819,28.97,62,52,2.54,CO,1676647063
313,bayir,37.2687,28.2167,11.29,63,6,1.98,TR,1676647063
314,raudeberg,61.9875,5.1352,3.81,55,100,11.11,NO,1676647064
315,muros,42.7762,-9.0603,23.16,58,6,2.32,ES,1676647065
316,mandal,25.45,74.5667,22.99,20,0,1.32,IN,1676647066
317,veraval,20.9,70.3667,25.33,55,0,3.09,IN,1676647066
318,beringovskiy,63.05,179.3167,-25.19,99,100,8.49,RU,1676647067
319,trapani,37.8333,12.6667,14.38,68,38,2.8,IT,1676646796
320,pizhma,57.8642,47.1171,-5.79,95,100,2.53,RU,1676647069
321,zonguldak,41.25,31.8333,4.0,78,56,1.24,TR,1676646921
322,cap malheureux,-19.9842,57.6142,26.37,68,74,0.45,MU,1676647071
323,maniitsoq,65.4167,-52.9,-9.59,70,100,2.99,GL,1676647071
324,bonavista,48.6499,-53.1147,-0.8,77,96,7.03,CA,1676647072
325,boyolangu,-8.1181,111.8935,24.53,90,97,2.02,ID,1676647072
326,yerbogachen,61.2767,108.0108,-15.17,96,100,2.8,RU,1676647073
327,chuy,-33.6971,-53.4616,18.57,26,67,10.67,UY,1676647074
328,atar,20.5169,-13.0499,32.49,12,0,0.15,MR,1676647074
329,havelock,34.8791,-76.9013,23.32,86,40,8.75,US,1676647074
330,sfantu gheorghe,45.8667,25.7833,4.04,98,51,1.39,RO,1676647074
331,sakassou,7.4546,-5.2926,36.91,10,3,2.67,CI,1676647074
332,beipiao,41.7919,120.7792,-1.57,77,20,0.52,CN,1676646884
333,teodoro sampaio,-22.5325,-52.1675,19.67,95,100,2.88,BR,1676647075
334,georgetown,5.4112,100.3354,28.86,79,20,2.06,MY,1676647075
335,la ronge,55.1001,-105.2842,-14.86,72,75,7.2,CA,1676647075
336,valley city,46.9233,-98.0032,-13.71,92,0,11.32,US,1676647076
337,dzhebariki-khaya,62.2167,135.8,-33.63,99,94,0.44,RU,1676647077
338,alamogordo,32.8995,-105.9603,-0.12,59,0,2.57,US,1676647077
339,inverell,-29.7833,151.1167,20.64,79,1,0.45,AU,1676647077
340,wanning,18.8003,110.3967,21.08,85,87,4.11,CN,1676647077
341,nanortalik,60.1432,-45.2371,0.19,75,100,11.04,GL,1676647078
342,simao,22.7886,100.9748,13.68,79,100,0.89,CN,1676647025
343,kochi,9.9399,76.2602,26.99,73,42,1.61,IN,1676647079
344,dongying,37.4564,118.4856,6.74,56,100,3.56,CN,1676647079
345,brisbane,-27.4679,153.0281,22.84,84,75,1.54,AU,1676647079
346,bambanglipuro,-7.95,110.2833,25.31,87,100,2.42,ID,1676647080
347,vestmanna,62.1564,-7.1664,3.51,65,20,8.75,FO,1676647081
348,belaya gora,68.5333,146.4167,-42.71,100,60,0.76,RU,1676647081
349,burnie,-41.0667,145.9167,16.64,77,100,4.79,AU,1676647081
350,namuac,18.6109,121.1657,21.48,88,92,5.86,PH,1676647082
351,tromso,69.6496,18.957,0.01,69,20,3.09,NO,1676647082
352,pochinok,54.4068,32.4407,-5.95,89,100,5.78,RU,1676646793
353,tuy hoa,13.0833,109.3,22.41,90,100,3.78,VN,1676646995
354,moree,-29.4667,149.85,25.9,40,0,5.41,AU,1676647082
355,hamilton,39.1834,-84.5333,-0.04,74,100,7.72,US,1676646818
356,omsukchan,62.5333,155.8,-35.38,98,100,2.2,RU,1676647083
357,jalu,29.0331,21.5482,16.94,34,10,4.47,LY,1676647084
358,san isidro,-12.1167,-77.05,25.77,73,20,2.57,PE,1676647085
359,palauig,15.435,119.9045,24.64,71,66,1.62,PH,1676647085
360,almaznyy,48.0448,40.045,-5.79,89,97,1.77,RU,1676647085
361,durg,21.1833,81.2833,25.1,26,0,2.96,IN,1676647085
362,pulandian,39.3953,121.9669,1.37,84,82,1.56,CN,1676647086
363,haines junction,60.7522,-137.5108,-22.03,77,100,0.51,CA,1676647086
364,maryborough,-25.5333,152.7,20.33,85,98,1.57,AU,1676647086
365,kirakira,-10.4544,161.9205,25.9,85,88,2.05,SB,1676647086
366,pazaric,43.7886,18.1608,13.12,28,0,1.03,BA,1676647086
367,mayor pablo lagerenza,-19.9309,-60.7718,24.71,72,100,4.88,PY,1676647087
368,aleksandrovsk-sakhalinskiy,50.8975,142.1561,-20.34,91,23,2.03,RU,1676647087
369,katsuura,35.1333,140.3,8.49,65,0,1.95,JP,1676647087
370,patea,-39.7583,174.4833,12.04,92,6,1.44,NZ,1676647088
371,port hardy,50.6996,-127.4199,0.1,100,75,1.03,CA,1676647088
372,kamogawa,35.1,140.1,7.51,68,1,1.8,JP,1676646877
373,iqaluit,63.7506,-68.5145,-34.15,68,20,3.09,CA,1676647089
374,dingle,10.9995,122.6711,23.62,89,100,4.35,PH,1676647089
375,nyurba,63.2842,118.3319,-15.56,94,100,3.0,RU,1676647090
376,cravo norte,6.3017,-70.2041,31.09,41,54,6.28,CO,1676647090
377,uglekamensk,43.2172,133.2303,-7.7,95,76,0.96,RU,1676647090
378,atlantic city,39.3643,-74.4229,16.12,93,100,4.63,US,1676646790
379,lakselv,70.0513,24.9718,-2.1,100,100,1.54,NO,1676647090
380,sangin,32.0728,64.8359,19.0,26,100,1.35,AF,1676647091
381,faya,18.3851,42.4509,17.06,63,4,3.48,SA,1676647091
382,swan river,52.1058,-101.2676,-7.06,86,100,4.63,CA,1676647091
383,santiago de cuba,20.0247,-75.8219,28.06,61,20,2.06,CU,1676647091
384,utica,43.1009,-75.2327,5.96,92,100,1.79,US,1676647092
385,beyneu,45.3167,55.2,-3.97,82,88,2.58,KZ,1676647092
386,ormara,25.2088,64.6357,24.35,64,0,5.6,PK,1676647092
387,itaituba,-4.2761,-55.9836,24.27,97,100,1.25,BR,1676646903
388,mangalia,43.8,28.5833,9.81,56,65,1.34,RO,1676647093
389,padang,-0.9492,100.3543,25.03,83,100,1.62,ID,1676647080
390,hofgeismar,51.4833,9.4,14.73,67,100,11.32,DE,1676647093
391,ribeira grande,38.5167,-28.7,16.22,67,75,5.36,PT,1676647035
392,nisia floresta,-6.0911,-35.2086,30.45,50,10,5.68,BR,1676647094
393,kununurra,-15.7667,128.7333,27.99,89,100,3.09,AU,1676647094
394,irondequoit,43.2134,-77.5797,-1.33,92,100,6.69,US,1676647095
395,fukue,32.6881,128.8419,15.22,77,100,7.03,JP,1676647095
396,sandwick,60.0,-1.25,5.9,65,40,15.43,GB,1676647095
397,bambous virieux,-20.3428,57.7575,26.23,83,75,1.54,MU,1676647096
398,goundam,16.4145,-3.6708,32.07,8,70,7.93,ML,1676647096
399,gisors,49.2818,1.7801,15.25,79,100,6.12,FR,1676647096
400,chapais,49.7834,-74.8492,-24.12,86,100,2.75,CA,1676647096
401,muzaffarabad,34.37,73.4711,17.0,53,100,2.69,PK,1676647097
402,marsta,59.6216,17.8548,3.46,93,100,6.39,SE,1676647097
403,smithers,54.7804,-127.1743,-3.82,74,100,4.63,CA,1676647097
404,lompoc,34.6391,-120.4579,10.51,69,100,2.68,US,1676647098
405,talnakh,69.4865,88.3972,-23.23,97,99,2.75,RU,1676647098
406,leninskoye,41.7589,69.3864,3.9,97,100,1.61,KZ,1676647099
407,tandalti,13.0167,31.8667,28.97,13,0,7.19,SD,1676647100
408,shimoda,34.6667,138.95,7.84,60,0,1.6,JP,1676647100
409,broken hill,-31.95,141.4333,26.73,38,26,7.2,AU,1676647101
410,juegang,32.3174,121.1855,7.73,83,91,2.84,CN,1676647101
411,christchurch,-43.5333,172.6333,12.17,88,55,0.0,NZ,1676646936
412,gizo,-8.103,156.8419,27.84,79,100,3.84,SB,1676647102
413,cabra,37.4725,-4.4421,18.93,39,98,3.71,ES,1676647102
414,tinskoy,56.1525,96.9161,-7.78,90,100,6.85,RU,1676647102
415,bengkulu,-3.8004,102.2655,25.4,81,100,1.7,ID,1676647102
416,tual,-5.6667,132.75,27.29,81,100,3.67,ID,1676647103
417,yarmouth,41.7057,-70.2286,13.26,96,100,6.26,US,1676647103
418,trincomalee,8.5711,81.2335,26.3,74,47,6.05,LK,1676647103
419,rio claro,-22.4114,-47.5614,27.32,67,96,5.61,BR,1676647103
420,altus,34.6381,-99.334,-2.49,74,0,3.6,US,1676647104
421,hailar,49.2,119.7,-22.04,99,64,3.68,CN,1676647104
422,venado tuerto,-33.7456,-61.9688,18.76,24,5,10.8,AR,1676647104
423,leeton,-34.5667,146.4,29.38,27,30,5.62,AU,1676647104
424,saint-pierre,-21.3393,55.4781,26.82,69,40,5.66,RE,1676647105
425,pervomayskiy,53.2485,40.2871,-13.02,98,36,1.21,RU,1676647105
426,along,28.1667,94.7667,17.63,60,28,0.63,IN,1676647105
427,soyo,-6.1349,12.3689,28.68,74,77,4.62,AO,1676647105
428,dawlatabad,36.4141,64.9053,6.76,90,100,2.75,AF,1676647106
429,carthage,36.8611,10.3316,16.74,55,20,3.09,TN,1676647106
430,ponta delgada,37.7333,-25.6667,17.4,72,75,4.63,PT,1676647106
431,oktyabrskiy,54.4815,53.471,-10.85,98,100,1.33,RU,1676646978
432,barreiras,-12.1528,-44.99,30.95,48,52,3.35,BR,1676647106
433,lakhdenpokhya,61.5198,30.1992,-2.89,96,100,4.25,RU,1676647107
434,bowen,-20.0167,148.2333,24.49,77,100,4.24,AU,1676647107
435,goderich,43.7501,-81.7165,-5.61,79,99,2.06,CA,1676647107
436,ampanihy,-24.7,44.75,26.39,67,100,3.47,MG,1676647107
437,homer,59.6425,-151.5483,-1.06,93,100,7.15,US,1676646889
438,camacha,33.0833,-16.3333,15.68,77,40,9.26,PT,1676647109
439,sokolo,14.7328,-6.1219,34.0,8,90,6.02,ML,1676647109
440,margate,51.3813,1.3862,13.82,78,89,1.34,GB,1676647109
441,shikhazany,55.5605,47.393,-8.1,98,100,1.96,RU,1676647110
442,belebey,54.1167,54.1167,-8.5,96,100,1.69,RU,1676647110
443,gat,31.61,34.7642,16.33,28,2,5.16,IL,1676647111
444,toamasina,-18.1667,49.3833,27.0,83,20,1.54,MG,1676647111
445,araouane,18.9048,-3.5265,31.2,8,0,6.83,ML,1676647111
446,bandarbeyla,9.4942,50.8122,24.63,71,6,7.26,SO,1676647111
447,neka,36.6508,53.299,8.73,71,75,3.09,IR,1676647112
448,taoudenni,22.6783,-3.9836,32.51,7,0,7.71,ML,1676647112
449,ornskoldsvik,63.2909,18.7153,-0.47,100,100,4.63,SE,1676647112
450,phan thiet,10.9333,108.1,24.12,80,94,4.6,VN,1676647112
451,port augusta,-32.5,137.7667,20.94,72,12,6.08,AU,1676647112
452,namibe,-15.1961,12.1522,25.1,69,21,5.04,AO,1676647113
453,asfi,32.2994,-9.2372,16.23,80,100,7.24,MA,1676647113
454,batemans bay,-35.7167,150.1833,22.83,78,9,1.74,AU,1676647113
455,san rafael,-34.6177,-68.3301,13.71,14,3,4.57,AR,1676646900
456,oxford,51.7522,-1.256,14.71,82,40,7.72,GB,1676647098
457,albemarle,35.3501,-80.2001,18.31,94,100,5.66,US,1676647114
458,soe,-9.8607,124.284,19.83,96,100,1.22,ID,1676647115
459,clyde river,70.4692,-68.5914,-35.87,68,75,0.0,CA,1676647115
460,tolaga bay,-38.3667,178.3,15.44,86,100,3.59,NZ,1676647116
461,brae,60.3964,-1.353,5.61,67,83,14.32,GB,1676647116
462,itarema,-2.9248,-39.9167,29.93,62,91,5.17,BR,1676647117
463,fort nelson,58.8053,-122.7002,-18.92,84,100,1.03,CA,1676647117
464,qingdao,36.0986,120.3719,5.78,81,0,3.0,CN,1676647117
465,codrington,-38.2667,141.9667,14.15,84,0,1.82,AU,1676647117
466,sao filipe,14.8961,-24.4956,21.62,73,68,3.38,CV,1676647118
467,arica,-18.475,-70.3042,29.75,57,0,5.66,CL,1676647118
468,kloulklubed,7.0419,134.2556,26.28,79,81,7.02,PW,1676647119
469,dargaville,-35.9333,173.8833,14.57,92,6,0.72,NZ,1676647119
470,hofn,64.2539,-15.2082,1.01,47,0,6.69,IS,1676647120
471,banff,51.1762,-115.5698,-3.43,80,97,2.06,CA,1676647120
472,lai,9.3952,16.2989,35.12,10,52,3.15,TD,1676647120
473,porto velho,-8.7619,-63.9039,27.03,74,20,3.6,BR,1676646992
474,wenzhou,27.9994,120.6668,12.65,78,34,0.74,CN,1676647120
475,rantauprapat,2.1,99.8333,23.12,95,91,0.99,ID,1676647121
476,tczew,54.0924,18.7779,8.14,100,100,7.6,PL,1676646870
477,damaturu,11.747,11.9608,30.62,16,5,7.82,NG,1676646903
478,suratgarh,29.3167,73.9,22.54,27,2,1.4,IN,1676647121
479,bintulu,3.1667,113.0333,25.23,94,20,1.03,MY,1676647121
480,alexandria,31.2156,29.9553,15.43,60,22,5.94,EG,1676647122
481,ketchikan,55.3422,-131.6461,1.99,93,100,1.77,US,1676647123
482,port hedland,-20.3167,118.5667,31.03,74,43,4.12,AU,1676647123
483,harper,4.375,-7.7169,30.56,58,9,5.33,LR,1676647124
484,port moresby,-9.4431,147.1797,25.33,85,99,1.71,PG,1676646991
485,ayan,56.45,138.1667,-20.98,84,1,3.65,RU,1676647124
486,mirnyy,62.5353,113.9611,-16.48,94,100,3.13,RU,1676647124
487,petropavlivka,48.4564,36.4367,-1.27,94,99,4.58,UA,1676647125
488,bage,-31.3314,-54.1069,16.88,39,0,8.75,BR,1676647125
489,galesong,-5.3166,119.3661,25.01,84,91,3.9,ID,1676647125
490,xuanzhou,30.9525,118.7553,9.58,72,2,1.78,CN,1676647126
491,macia,-25.0269,33.0989,26.68,75,98,4.34,MZ,1676646998
492,belyy yar,53.6039,91.3903,-13.97,82,100,0.0,RU,1676647127
493,mawlaik,23.6333,94.4167,19.76,39,1,0.7,MM,1676647128
494,russell,32.3502,-85.1999,11.6,87,100,5.66,US,1676647129
495,trnava,48.3774,17.5872,11.58,83,100,4.25,SK,1676646429
496,dubrovnik,42.6481,18.0922,12.8,82,20,3.6,HR,1676647130
497,dukat,62.55,155.55,-36.51,99,100,2.1,RU,1676647130
498,huarmey,-10.0681,-78.1522,25.38,70,98,2.15,PE,1676647130
499,kapuskasing,49.4169,-82.4331,-19.95,77,0,1.54,CA,1676647131
500,ust-ilimsk,58.0006,102.6619,-10.04,93,100,4.09,RU,1676646841
501,paamiut,61.994,-49.6678,1.19,72,100,13.27,GL,1676647132
502,cap-aux-meules,47.3821,-61.8597,-3.97,86,100,6.17,CA,1676647132
503,camargo,27.6667,-105.1667,5.09,31,89,3.42,MX,1676647132
504,lumut,4.2323,100.6298,27.01,89,20,0.0,MY,1676647132
505,tortoli,39.9256,9.6572,14.9,63,20,1.54,IT,1676647133
506,yulara,-25.2406,130.9889,28.63,29,0,3.43,AU,1676647133
507,billings,45.7833,-108.5007,-0.13,43,75,9.26,US,1676647133
508,svetlogorsk,52.6333,29.7333,0.27,98,100,3.85,BY,1676647133
509,kang,-23.6752,22.7876,24.04,66,99,4.59,BW,1676647133
510,cabedelo,-6.9811,-34.8339,31.37,63,11,5.23,BR,1676647134
511,acarau,-2.8856,-40.12,29.6,64,82,5.34,BR,1676647134
512,wamba,8.9333,8.6,36.07,10,65,5.4,NG,1676647135
513,andros town,24.7,-77.7667,26.98,72,1,8.15,BS,1676647135
514,conde,-7.2597,-34.9075,30.7,62,75,6.17,BR,1676647135
515,winchester,51.0651,-1.3187,14.1,86,75,4.12,GB,1676646896
516,fairbanks,64.8378,-147.7164,-19.67,79,40,2.06,US,1676647136
517,algiers,36.7525,3.042,14.9,72,40,4.63,DZ,1676647082
518,kungurtug,50.5994,97.5228,-20.39,98,97,0.62,RU,1676647136
519,dalbandin,28.8947,64.4101,23.75,11,96,1.23,PK,1676647136
520,manadhoo,5.7667,73.3833,26.72,73,71,6.19,MV,1676647137
521,le port,-20.9373,55.2919,27.0,85,64,1.47,RE,1676647137
522,accra,5.556,-0.1969,30.71,50,4,5.59,GH,1676646892
523,amuntai,-2.4177,115.2494,24.03,93,50,1.24,ID,1676647137
524,venice,27.0998,-82.4543,26.82,84,0,4.63,US,1676646733
525,kedrovyy,56.1667,91.8167,-7.77,93,100,6.28,RU,1676647138
526,bar harbor,44.3876,-68.2039,6.17,83,100,1.54,US,1676647139
527,marsh harbour,26.5412,-77.0636,24.64,74,0,7.79,BS,1676647139
528,ossora,59.2353,163.0719,-25.57,87,99,2.69,RU,1676646997
529,kralendijk,12.15,-68.2667,28.99,61,75,8.23,BQ,1676647140
530,mbandaka,0.0487,18.2603,34.06,23,54,2.44,CD,1676647140
531,ust-maya,60.4167,134.5333,-33.53,100,94,0.75,RU,1676647140
532,kruisfontein,-34.0033,24.7314,21.05,97,100,3.44,ZA,1676647141
533,manicore,-5.8092,-61.3003,29.97,74,20,2.57,BR,1676647141
534,boende,-0.2167,20.8667,36.12,27,72,0.21,CD,1676647141
535,ruhengeri,-1.4998,29.635,20.61,57,100,0.59,RW,1676647141
536,batagay-alyta,67.8006,130.4114,-31.27,100,100,0.61,RU,1676647142
537,westport,41.1415,-73.3579,15.75,90,100,3.6,US,1676647143
538,hualmay,-11.0964,-77.6139,24.38,76,100,1.85,PE,1676647143
539,necochea,-38.5473,-58.7368,15.32,48,99,10.57,AR,1676646949
540,vilhena,-12.7406,-60.1458,24.12,88,75,6.17,BR,1676647145
541,san vicente de canete,-13.0751,-76.3835,25.03,75,88,2.72,PE,1676647145
542,virginia beach,36.8529,-75.978,22.02,84,100,6.69,US,1676647146
543,dobryanka,58.4619,56.4165,-9.94,98,97,1.62,RU,1676647146
544,ucluelet,48.9329,-125.5528,1.72,93,100,1.42,CA,1676647146
545,kufstein,47.5833,12.1667,13.4,59,88,0.89,AT,1676647147
546,balclutha,-46.2339,169.75,9.45,98,100,1.17,NZ,1676647147
547,cherskiy,68.75,161.3,-44.77,100,66,0.86,RU,1676647148
548,bayangol,50.6977,103.4656,-21.81,99,99,1.3,RU,1676647149
549,darnah,32.767,22.6367,14.38,62,78,5.71,LY,1676647149
550,california city,35.1258,-117.9859,7.54,22,0,5.66,US,1676647150
551,el alto,-4.2714,-81.2147,29.81,65,97,1.34,PE,1676647150
552,soc trang,9.6033,105.98,25.29,78,83,5.34,VN,1676647150
553,manaus,-3.1019,-60.025,28.28,74,75,5.66,BR,1676646903
554,srikakulam,18.3,83.9,23.17,76,0,2.7,IN,1676647150
555,kazachinskoye,57.6953,93.2761,-6.32,91,100,5.26,RU,1676647151
556,talakan,50.3167,130.3667,-15.63,99,100,2.06,RU,1676647151
557,constitucion,-35.3333,-72.4167,20.47,35,1,2.53,CL,1676647151
558,awjilah,29.1081,21.2869,17.0,33,10,4.6,LY,1676647151
559,kargasok,59.0556,80.8572,-10.96,90,28,4.56,RU,1676647151
560,benghazi,32.1167,20.0667,14.98,57,39,5.17,LY,1676646989
561,bulawayo,-20.15,28.5833,22.56,78,99,1.5,ZW,1676647152
562,rabo de peixe,37.8,-25.5833,16.73,72,75,4.63,PT,1676647152
563,aden,12.7794,45.0367,25.3,64,2,3.75,YE,1676646909
564,port charlotte,26.9762,-82.0906,26.7,89,20,4.12,US,1676647152
565,nemuro,43.3236,145.575,-3.98,81,59,2.41,JP,1676647153
566,mangrol,21.1167,70.1167,25.69,47,0,5.67,IN,1676647153
567,donskoye,45.4552,41.9741,-1.93,98,100,1.95,RU,1676647153
568,deputatskiy,69.3,139.9,-38.09,87,82,1.85,RU,1676647153
569,dwarka,22.2394,68.9678,23.62,65,0,5.08,IN,1676647154
570,sorland,67.667,12.6934,2.92,87,75,9.26,NO,1676647155
571,miracema do tocantins,-9.5618,-48.3967,30.41,62,22,1.7,BR,1676647155
572,san juan,-31.5375,-68.5364,15.05,19,11,9.29,AR,1676647063
573,kaili,-3.4626,120.2147,19.84,92,69,1.69,ID,1676647157
574,vardo,70.3705,31.1107,0.89,82,85,5.75,NO,1676647157
575,abilene,32.4487,-99.7331,0.99,57,0,1.54,US,1676647158
576,sao joao da barra,-21.6403,-41.0511,32.05,79,66,7.28,BR,1676647158
577,issa,53.8705,44.8578,-4.94,96,100,2.55,RU,1676647159
578,grand gaube,-20.0064,57.6608,26.32,68,65,0.45,MU,1676647159
579,sovetskiy,61.3614,63.5842,-14.51,100,77,2.16,RU,1676647159
580,juneau,58.3019,-134.4197,1.79,83,100,3.6,US,1676647160
581,hirado,33.3597,129.5531,11.88,74,100,6.97,JP,1676647160
582,nantucket,41.2835,-70.0995,11.08,98,100,5.14,US,1676647161
583,mareeba,-17.0,145.4333,22.47,96,100,1.98,AU,1676647161
584,saint-georges,12.0564,-61.7485,28.82,65,40,10.29,GD,1676647161
585,jiaonan,35.8786,119.9753,4.72,84,49,2.82,CN,1676647162
586,valparaiso,-33.0393,-71.6273,21.13,61,0,4.12,CL,1676647162
587,arvi,20.9833,78.2333,26.44,19,0,3.79,IN,1676647162
588,dzilam gonzalez,21.2833,-88.9333,26.38,69,7,1.98,MX,1676647162
589,key west,24.5557,-81.7826,27.0,80,75,4.12,US,1676646994
590,salym,60.0625,71.4789,-19.05,100,49,1.49,RU,1676647163
591,requena,39.4883,-1.1004,11.4,35,0,5.25,ES,1676647105
592,kilembe,0.2,30.0,27.01,27,16,2.21,UG,1676647164
